"TIME","GEO","AGE","UNIT","SEX","Value","Flag and Footnotes"
"2009","European Union - 27 countries (from 2019)","Total","Thousand persons","Total","19,017",""
"2009","European Union - 27 countries (from 2019)","Total","Percentage of total population","Total","5.7",""
"2009","European Union - 27 countries (from 2019)","Total","Percentage of active population","Total","9.2",""
"2009","European Union - 28 countries","Total","Thousand persons","Total","21,385",""
"2009","European Union - 28 countries","Total","Percentage of total population","Total","5.6",""
"2009","European Union - 28 countries","Total","Percentage of active population","Total","9.0",""
"2009","European Union - 27 countries (2007-2013)","Total","Thousand persons","Total","21,206",""
"2009","European Union - 27 countries (2007-2013)","Total","Percentage of total population","Total","5.6",""
"2009","European Union - 27 countries (2007-2013)","Total","Percentage of active population","Total","9.0",""
"2009","European Union - 25 countries (2004-2006)","Total","Thousand persons","Total","20,341",""
"2009","European Union - 25 countries (2004-2006)","Total","Percentage of total population","Total","5.7",""
"2009","European Union - 25 countries (2004-2006)","Total","Percentage of active population","Total","9.1",""
"2009","Euro area (EA11-2000, EA12-2006, EA13-2007, EA15-2008, EA16-2010, EA17-2013, EA18-2014, EA19)","Total","Thousand persons","Total","15,258",""
"2009","Euro area (EA11-2000, EA12-2006, EA13-2007, EA15-2008, EA16-2010, EA17-2013, EA18-2014, EA19)","Total","Percentage of total population","Total","6.0",""
"2009","Euro area (EA11-2000, EA12-2006, EA13-2007, EA15-2008, EA16-2010, EA17-2013, EA18-2014, EA19)","Total","Percentage of active population","Total","9.6",""
"2009","Euro area (19 countries)","Total","Thousand persons","Total","15,258",""
"2009","Euro area (19 countries)","Total","Percentage of total population","Total","6.0",""
"2009","Euro area (19 countries)","Total","Percentage of active population","Total","9.6",""
"2009","Euro area (18 countries)","Total","Thousand persons","Total","15,047",""
"2009","Euro area (18 countries)","Total","Percentage of total population","Total","6.0",""
"2009","Euro area (18 countries)","Total","Percentage of active population","Total","9.6",""
"2009","Belgium","Total","Thousand persons","Total","380",""
"2009","Belgium","Total","Percentage of total population","Total","4.7",""
"2009","Belgium","Total","Percentage of active population","Total","7.9",""
"2009","Bulgaria","Total","Thousand persons","Total","240",""
"2009","Bulgaria","Total","Percentage of total population","Total","4.0",""
"2009","Bulgaria","Total","Percentage of active population","Total","6.8",""
"2009","Czechia","Total","Thousand persons","Total","352",""
"2009","Czechia","Total","Percentage of total population","Total","4.2",""
"2009","Czechia","Total","Percentage of active population","Total","6.7",""
"2009","Denmark","Total","Thousand persons","Total","177",""
"2009","Denmark","Total","Percentage of total population","Total","4.3",""
"2009","Denmark","Total","Percentage of active population","Total","6.0",""
"2009","Germany (until 1990 former territory of the FRG)","Total","Thousand persons","Total","3,098",""
"2009","Germany (until 1990 former territory of the FRG)","Total","Percentage of total population","Total","5.1",""
"2009","Germany (until 1990 former territory of the FRG)","Total","Percentage of active population","Total","7.6",""
"2009","Estonia","Total","Thousand persons","Total","93",""
"2009","Estonia","Total","Percentage of total population","Total","9.0",""
"2009","Estonia","Total","Percentage of active population","Total","13.5",""
"2009","Ireland","Total","Thousand persons","Total","291",""
"2009","Ireland","Total","Percentage of total population","Total","8.6",""
"2009","Ireland","Total","Percentage of active population","Total","12.6",""
"2009","Greece","Total","Thousand persons","Total","485",""
"2009","Greece","Total","Percentage of total population","Total","5.7",""
"2009","Greece","Total","Percentage of active population","Total","9.6",""
"2009","Spain","Total","Thousand persons","Total","4,154",""
"2009","Spain","Total","Percentage of total population","Total","11.7",""
"2009","Spain","Total","Percentage of active population","Total","17.9",""
"2009","France","Total","Thousand persons","Total","2,622",""
"2009","France","Total","Percentage of total population","Total","5.5",""
"2009","France","Total","Percentage of active population","Total","9.1",""
"2009","Croatia","Total","Thousand persons","Total","180",""
"2009","Croatia","Total","Percentage of total population","Total","5.4",""
"2009","Croatia","Total","Percentage of active population","Total","9.3",""
"2009","Italy","Total","Thousand persons","Total","1,907",""
"2009","Italy","Total","Percentage of total population","Total","4.2",""
"2009","Italy","Total","Percentage of active population","Total","7.7",""
"2009","Cyprus","Total","Thousand persons","Total","22",""
"2009","Cyprus","Total","Percentage of total population","Total","3.6",""
"2009","Cyprus","Total","Percentage of active population","Total","5.4",""
"2009","Latvia","Total","Thousand persons","Total","193",""
"2009","Latvia","Total","Percentage of total population","Total","11.5",""
"2009","Latvia","Total","Percentage of active population","Total","17.5",""
"2009","Lithuania","Total","Thousand persons","Total","211",""
"2009","Lithuania","Total","Percentage of total population","Total","8.6",""
"2009","Lithuania","Total","Percentage of active population","Total","13.8",""
"2009","Luxembourg","Total","Thousand persons","Total","12",""
"2009","Luxembourg","Total","Percentage of total population","Total","3.1",""
"2009","Luxembourg","Total","Percentage of active population","Total","5.1",""
"2009","Hungary","Total","Thousand persons","Total","418",""
"2009","Hungary","Total","Percentage of total population","Total","5.4",""
"2009","Hungary","Total","Percentage of active population","Total","10.0",""
"2009","Malta","Total","Thousand persons","Total","12",""
"2009","Malta","Total","Percentage of total population","Total","3.7",""
"2009","Malta","Total","Percentage of active population","Total","6.9",""
"2009","Netherlands","Total","Thousand persons","Total","381",""
"2009","Netherlands","Total","Percentage of total population","Total","3.1",""
"2009","Netherlands","Total","Percentage of active population","Total","4.4",""
"2009","Austria","Total","Thousand persons","Total","223",""
"2009","Austria","Total","Percentage of total population","Total","3.5",""
"2009","Austria","Total","Percentage of active population","Total","5.3",""
"2009","Poland","Total","Thousand persons","Total","1,359","d"
"2009","Poland","Total","Percentage of total population","Total","4.8","d"
"2009","Poland","Total","Percentage of active population","Total","8.1","d"
"2009","Portugal","Total","Thousand persons","Total","574",""
"2009","Portugal","Total","Percentage of total population","Total","7.0",""
"2009","Portugal","Total","Percentage of active population","Total","10.7",""
"2009","Romania","Total","Thousand persons","Total","624",""
"2009","Romania","Total","Percentage of total population","Total","4.0",""
"2009","Romania","Total","Percentage of active population","Total","6.5",""
"2009","Slovenia","Total","Thousand persons","Total","61",""
"2009","Slovenia","Total","Percentage of total population","Total","3.8",""
"2009","Slovenia","Total","Percentage of active population","Total","5.9",""
"2009","Slovakia","Total","Thousand persons","Total","321",""
"2009","Slovakia","Total","Percentage of total population","Total","7.6",""
"2009","Slovakia","Total","Percentage of active population","Total","12.1",""
"2009","Finland","Total","Thousand persons","Total","221",""
"2009","Finland","Total","Percentage of total population","Total","5.5",""
"2009","Finland","Total","Percentage of active population","Total","8.2",""
"2009","Sweden","Total","Thousand persons","Total","408",""
"2009","Sweden","Total","Percentage of total population","Total","5.9",""
"2009","Sweden","Total","Percentage of active population","Total","8.3",""
"2009","United Kingdom","Total","Thousand persons","Total","2,369",""
"2009","United Kingdom","Total","Percentage of total population","Total","5.2",""
"2009","United Kingdom","Total","Percentage of active population","Total","7.6",""
"2009","Iceland","Total","Thousand persons","Total","13",""
"2009","Iceland","Total","Percentage of total population","Total","5.8",""
"2009","Iceland","Total","Percentage of active population","Total","7.2",""
"2009","Norway","Total","Thousand persons","Total","85",""
"2009","Norway","Total","Percentage of total population","Total","2.3",""
"2009","Norway","Total","Percentage of active population","Total","3.3",""
"2009","Turkey","Total","Thousand persons","Total","3,089",""
"2009","Turkey","Total","Percentage of total population","Total","6.1",""
"2009","Turkey","Total","Percentage of active population","Total","13.0",""
"2009","United States","Total","Thousand persons","Total","14,264",""
"2009","United States","Total","Percentage of total population","Total",":",""
"2009","United States","Total","Percentage of active population","Total","9.3",""
"2009","Japan","Total","Thousand persons","Total","3,367",""
"2009","Japan","Total","Percentage of total population","Total",":",""
"2009","Japan","Total","Percentage of active population","Total","5.1",""
"2010","European Union - 27 countries (from 2019)","Total","Thousand persons","Total","20,552",""
"2010","European Union - 27 countries (from 2019)","Total","Percentage of total population","Total","6.2",""
"2010","European Union - 27 countries (from 2019)","Total","Percentage of active population","Total","9.9",""
"2010","European Union - 28 countries","Total","Thousand persons","Total","23,011",""
"2010","European Union - 28 countries","Total","Percentage of total population","Total","6.1",""
"2010","European Union - 28 countries","Total","Percentage of active population","Total","9.6",""
"2010","European Union - 27 countries (2007-2013)","Total","Thousand persons","Total","22,787",""
"2010","European Union - 27 countries (2007-2013)","Total","Percentage of total population","Total","6.1",""
"2010","European Union - 27 countries (2007-2013)","Total","Percentage of active population","Total","9.6",""
"2010","European Union - 25 countries (2004-2006)","Total","Thousand persons","Total","21,783",""
"2010","European Union - 25 countries (2004-2006)","Total","Percentage of total population","Total","6.1",""
"2010","European Union - 25 countries (2004-2006)","Total","Percentage of active population","Total","9.7",""
"2010","Euro area (EA11-2000, EA12-2006, EA13-2007, EA15-2008, EA16-2010, EA17-2013, EA18-2014, EA19)","Total","Thousand persons","Total","16,178",""
"2010","Euro area (EA11-2000, EA12-2006, EA13-2007, EA15-2008, EA16-2010, EA17-2013, EA18-2014, EA19)","Total","Percentage of total population","Total","6.3",""
"2010","Euro area (EA11-2000, EA12-2006, EA13-2007, EA15-2008, EA16-2010, EA17-2013, EA18-2014, EA19)","Total","Percentage of active population","Total","10.2",""
"2010","Euro area (19 countries)","Total","Thousand persons","Total","16,178",""
"2010","Euro area (19 countries)","Total","Percentage of total population","Total","6.4",""
"2010","Euro area (19 countries)","Total","Percentage of active population","Total","10.2",""
"2010","Euro area (18 countries)","Total","Thousand persons","Total","15,907",""
"2010","Euro area (18 countries)","Total","Percentage of total population","Total","6.4",""
"2010","Euro area (18 countries)","Total","Percentage of active population","Total","10.1",""
"2010","Belgium","Total","Thousand persons","Total","406",""
"2010","Belgium","Total","Percentage of total population","Total","5.0",""
"2010","Belgium","Total","Percentage of active population","Total","8.3",""
"2010","Bulgaria","Total","Thousand persons","Total","352","d"
"2010","Bulgaria","Total","Percentage of total population","Total","6.0","d"
"2010","Bulgaria","Total","Percentage of active population","Total","10.3","d"
"2010","Czechia","Total","Thousand persons","Total","384",""
"2010","Czechia","Total","Percentage of total population","Total","4.6",""
"2010","Czechia","Total","Percentage of active population","Total","7.3",""
"2010","Denmark","Total","Thousand persons","Total","218",""
"2010","Denmark","Total","Percentage of total population","Total","5.3",""
"2010","Denmark","Total","Percentage of active population","Total","7.5",""
"2010","Germany (until 1990 former territory of the FRG)","Total","Thousand persons","Total","2,821",""
"2010","Germany (until 1990 former territory of the FRG)","Total","Percentage of total population","Total","4.6",""
"2010","Germany (until 1990 former territory of the FRG)","Total","Percentage of active population","Total","7.0",""
"2010","Estonia","Total","Thousand persons","Total","114",""
"2010","Estonia","Total","Percentage of total population","Total","11.1",""
"2010","Estonia","Total","Percentage of active population","Total","16.7",""
"2010","Ireland","Total","Thousand persons","Total","327",""
"2010","Ireland","Total","Percentage of total population","Total","9.7",""
"2010","Ireland","Total","Percentage of active population","Total","14.6",""
"2010","Greece","Total","Thousand persons","Total","639",""
"2010","Greece","Total","Percentage of total population","Total","7.6",""
"2010","Greece","Total","Percentage of active population","Total","12.7",""
"2010","Spain","Total","Thousand persons","Total","4,640",""
"2010","Spain","Total","Percentage of total population","Total","13.1",""
"2010","Spain","Total","Percentage of active population","Total","19.9",""
"2010","France","Total","Thousand persons","Total","2,680",""
"2010","France","Total","Percentage of total population","Total","5.6",""
"2010","France","Total","Percentage of active population","Total","9.3",""
"2010","Croatia","Total","Thousand persons","Total","224",""
"2010","Croatia","Total","Percentage of total population","Total","6.7",""
"2010","Croatia","Total","Percentage of active population","Total","11.8",""
"2010","Italy","Total","Thousand persons","Total","2,056",""
"2010","Italy","Total","Percentage of total population","Total","4.6",""
"2010","Italy","Total","Percentage of active population","Total","8.4",""
"2010","Cyprus","Total","Thousand persons","Total","26",""
"2010","Cyprus","Total","Percentage of total population","Total","4.3",""
"2010","Cyprus","Total","Percentage of active population","Total","6.3",""
"2010","Latvia","Total","Thousand persons","Total","206",""
"2010","Latvia","Total","Percentage of total population","Total","12.6",""
"2010","Latvia","Total","Percentage of active population","Total","19.5",""
"2010","Lithuania","Total","Thousand persons","Total","270",""
"2010","Lithuania","Total","Percentage of total population","Total","11.1",""
"2010","Lithuania","Total","Percentage of active population","Total","17.8",""
"2010","Luxembourg","Total","Thousand persons","Total","11",""
"2010","Luxembourg","Total","Percentage of total population","Total","2.7",""
"2010","Luxembourg","Total","Percentage of active population","Total","4.6",""
"2010","Hungary","Total","Thousand persons","Total","469",""
"2010","Hungary","Total","Percentage of total population","Total","6.1",""
"2010","Hungary","Total","Percentage of active population","Total","11.2",""
"2010","Malta","Total","Thousand persons","Total","12",""
"2010","Malta","Total","Percentage of total population","Total","3.7",""
"2010","Malta","Total","Percentage of active population","Total","6.9",""
"2010","Netherlands","Total","Thousand persons","Total","435",""
"2010","Netherlands","Total","Percentage of total population","Total","3.5",""
"2010","Netherlands","Total","Percentage of active population","Total","5.0",""
"2010","Austria","Total","Thousand persons","Total","203",""
"2010","Austria","Total","Percentage of total population","Total","3.2",""
"2010","Austria","Total","Percentage of active population","Total","4.8",""
"2010","Poland","Total","Thousand persons","Total","1,650",""
"2010","Poland","Total","Percentage of total population","Total","5.8",""
"2010","Poland","Total","Percentage of active population","Total","9.7",""
"2010","Portugal","Total","Thousand persons","Total","645",""
"2010","Portugal","Total","Percentage of total population","Total","8.0",""
"2010","Portugal","Total","Percentage of active population","Total","12.0",""
"2010","Romania","Total","Thousand persons","Total","652",""
"2010","Romania","Total","Percentage of total population","Total","4.2",""
"2010","Romania","Total","Percentage of active population","Total","7.0",""
"2010","Slovenia","Total","Thousand persons","Total","75",""
"2010","Slovenia","Total","Percentage of total population","Total","4.7",""
"2010","Slovenia","Total","Percentage of active population","Total","7.3",""
"2010","Slovakia","Total","Thousand persons","Total","386",""
"2010","Slovakia","Total","Percentage of total population","Total","9.1",""
"2010","Slovakia","Total","Percentage of active population","Total","14.5",""
"2010","Finland","Total","Thousand persons","Total","224",""
"2010","Finland","Total","Percentage of total population","Total","5.6",""
"2010","Finland","Total","Percentage of active population","Total","8.4",""
"2010","Sweden","Total","Thousand persons","Total","425",""
"2010","Sweden","Total","Percentage of total population","Total","6.1",""
"2010","Sweden","Total","Percentage of active population","Total","8.6",""
"2010","United Kingdom","Total","Thousand persons","Total","2,459",""
"2010","United Kingdom","Total","Percentage of total population","Total","5.3",""
"2010","United Kingdom","Total","Percentage of active population","Total","7.8",""
"2010","Iceland","Total","Thousand persons","Total","14",""
"2010","Iceland","Total","Percentage of total population","Total","6.1",""
"2010","Iceland","Total","Percentage of active population","Total","7.6",""
"2010","Norway","Total","Thousand persons","Total","97",""
"2010","Norway","Total","Percentage of total population","Total","2.5",""
"2010","Norway","Total","Percentage of active population","Total","3.7",""
"2010","Turkey","Total","Thousand persons","Total","2,739",""
"2010","Turkey","Total","Percentage of total population","Total","5.3",""
"2010","Turkey","Total","Percentage of active population","Total","11.1",""
"2010","United States","Total","Thousand persons","Total","14,825",""
"2010","United States","Total","Percentage of total population","Total",":",""
"2010","United States","Total","Percentage of active population","Total","9.6",""
"2010","Japan","Total","Thousand persons","Total","3,347",""
"2010","Japan","Total","Percentage of total population","Total",":",""
"2010","Japan","Total","Percentage of active population","Total","5.0",""
"2011","European Union - 27 countries (from 2019)","Total","Thousand persons","Total","20,595",""
"2011","European Union - 27 countries (from 2019)","Total","Percentage of total population","Total","6.2",""
"2011","European Union - 27 countries (from 2019)","Total","Percentage of active population","Total","9.9",""
"2011","European Union - 28 countries","Total","Thousand persons","Total","23,154",""
"2011","European Union - 28 countries","Total","Percentage of total population","Total","6.1",""
"2011","European Union - 28 countries","Total","Percentage of active population","Total","9.7",""
"2011","European Union - 27 countries (2007-2013)","Total","Thousand persons","Total","22,898",""
"2011","European Union - 27 countries (2007-2013)","Total","Percentage of total population","Total","6.1",""
"2011","European Union - 27 countries (2007-2013)","Total","Percentage of active population","Total","9.6",""
"2011","European Union - 25 countries (2004-2006)","Total","Thousand persons","Total","21,862",""
"2011","European Union - 25 countries (2004-2006)","Total","Percentage of total population","Total","6.2",""
"2011","European Union - 25 countries (2004-2006)","Total","Percentage of active population","Total","9.7",""
"2011","Euro area (EA11-2000, EA12-2006, EA13-2007, EA15-2008, EA16-2010, EA17-2013, EA18-2014, EA19)","Total","Thousand persons","Total","16,216",""
"2011","Euro area (EA11-2000, EA12-2006, EA13-2007, EA15-2008, EA16-2010, EA17-2013, EA18-2014, EA19)","Total","Percentage of total population","Total","6.4",""
"2011","Euro area (EA11-2000, EA12-2006, EA13-2007, EA15-2008, EA16-2010, EA17-2013, EA18-2014, EA19)","Total","Percentage of active population","Total","10.2",""
"2011","Euro area (19 countries)","Total","Thousand persons","Total","16,216",""
"2011","Euro area (19 countries)","Total","Percentage of total population","Total","6.4",""
"2011","Euro area (19 countries)","Total","Percentage of active population","Total","10.2",""
"2011","Euro area (18 countries)","Total","Thousand persons","Total","15,988",""
"2011","Euro area (18 countries)","Total","Percentage of total population","Total","6.4",""
"2011","Euro area (18 countries)","Total","Percentage of active population","Total","10.2",""
"2011","Belgium","Total","Thousand persons","Total","347",""
"2011","Belgium","Total","Percentage of total population","Total","4.2",""
"2011","Belgium","Total","Percentage of active population","Total","7.2",""
"2011","Bulgaria","Total","Thousand persons","Total","376",""
"2011","Bulgaria","Total","Percentage of total population","Total","6.5",""
"2011","Bulgaria","Total","Percentage of active population","Total","11.3",""
"2011","Czechia","Total","Thousand persons","Total","351",""
"2011","Czechia","Total","Percentage of total population","Total","4.2",""
"2011","Czechia","Total","Percentage of active population","Total","6.7",""
"2011","Denmark","Total","Thousand persons","Total","221",""
"2011","Denmark","Total","Percentage of total population","Total","5.3",""
"2011","Denmark","Total","Percentage of active population","Total","7.6",""
"2011","Germany (until 1990 former territory of the FRG)","Total","Thousand persons","Total","2,399",""
"2011","Germany (until 1990 former territory of the FRG)","Total","Percentage of total population","Total","3.9",""
"2011","Germany (until 1990 former territory of the FRG)","Total","Percentage of active population","Total","5.8",""
"2011","Estonia","Total","Thousand persons","Total","85",""
"2011","Estonia","Total","Percentage of total population","Total","8.3",""
"2011","Estonia","Total","Percentage of active population","Total","12.3",""
"2011","Ireland","Total","Thousand persons","Total","343",""
"2011","Ireland","Total","Percentage of total population","Total","10.2",""
"2011","Ireland","Total","Percentage of active population","Total","15.4",""
"2011","Greece","Total","Thousand persons","Total","882",""
"2011","Greece","Total","Percentage of total population","Total","10.6",""
"2011","Greece","Total","Percentage of active population","Total","17.9",""
"2011","Spain","Total","Thousand persons","Total","5,013",""
"2011","Spain","Total","Percentage of total population","Total","14.2",""
"2011","Spain","Total","Percentage of active population","Total","21.4",""
"2011","France","Total","Thousand persons","Total","2,665",""
"2011","France","Total","Percentage of total population","Total","5.5",""
"2011","France","Total","Percentage of active population","Total","9.2",""
"2011","Croatia","Total","Thousand persons","Total","256",""
"2011","Croatia","Total","Percentage of total population","Total","7.8",""
"2011","Croatia","Total","Percentage of active population","Total","13.7",""
"2011","Italy","Total","Thousand persons","Total","2,061",""
"2011","Italy","Total","Percentage of total population","Total","4.6",""
"2011","Italy","Total","Percentage of active population","Total","8.4",""
"2011","Cyprus","Total","Thousand persons","Total","34",""
"2011","Cyprus","Total","Percentage of total population","Total","5.3",""
"2011","Cyprus","Total","Percentage of active population","Total","7.9",""
"2011","Latvia","Total","Thousand persons","Total","167",""
"2011","Latvia","Total","Percentage of total population","Total","10.4",""
"2011","Latvia","Total","Percentage of active population","Total","16.2",""
"2011","Lithuania","Total","Thousand persons","Total","228",""
"2011","Lithuania","Total","Percentage of total population","Total","9.8",""
"2011","Lithuania","Total","Percentage of active population","Total","15.4",""
"2011","Luxembourg","Total","Thousand persons","Total","11",""
"2011","Luxembourg","Total","Percentage of total population","Total","3.0",""
"2011","Luxembourg","Total","Percentage of active population","Total","4.8",""
"2011","Hungary","Total","Thousand persons","Total","466",""
"2011","Hungary","Total","Percentage of total population","Total","6.1",""
"2011","Hungary","Total","Percentage of active population","Total","11.0",""
"2011","Malta","Total","Thousand persons","Total","11",""
"2011","Malta","Total","Percentage of total population","Total","3.5",""
"2011","Malta","Total","Percentage of active population","Total","6.4",""
"2011","Netherlands","Total","Thousand persons","Total","434",""
"2011","Netherlands","Total","Percentage of total population","Total","3.5",""
"2011","Netherlands","Total","Percentage of active population","Total","5.0",""
"2011","Austria","Total","Thousand persons","Total","194",""
"2011","Austria","Total","Percentage of total population","Total","3.0",""
"2011","Austria","Total","Percentage of active population","Total","4.6",""
"2011","Poland","Total","Thousand persons","Total","1,659",""
"2011","Poland","Total","Percentage of total population","Total","5.8",""
"2011","Poland","Total","Percentage of active population","Total","9.7",""
"2011","Portugal","Total","Thousand persons","Total","688",""
"2011","Portugal","Total","Percentage of total population","Total","8.6",""
"2011","Portugal","Total","Percentage of active population","Total","12.9",""
"2011","Romania","Total","Thousand persons","Total","659",""
"2011","Romania","Total","Percentage of total population","Total","4.2",""
"2011","Romania","Total","Percentage of active population","Total","7.2",""
"2011","Slovenia","Total","Thousand persons","Total","83",""
"2011","Slovenia","Total","Percentage of total population","Total","5.2",""
"2011","Slovenia","Total","Percentage of active population","Total","8.2",""
"2011","Slovakia","Total","Thousand persons","Total","363","d"
"2011","Slovakia","Total","Percentage of total population","Total","8.6","d"
"2011","Slovakia","Total","Percentage of active population","Total","13.7","d"
"2011","Finland","Total","Thousand persons","Total","209",""
"2011","Finland","Total","Percentage of total population","Total","5.2",""
"2011","Finland","Total","Percentage of active population","Total","7.8",""
"2011","Sweden","Total","Thousand persons","Total","390",""
"2011","Sweden","Total","Percentage of total population","Total","5.5",""
"2011","Sweden","Total","Percentage of active population","Total","7.8",""
"2011","United Kingdom","Total","Thousand persons","Total","2,559",""
"2011","United Kingdom","Total","Percentage of total population","Total","5.5",""
"2011","United Kingdom","Total","Percentage of active population","Total","8.1",""
"2011","Iceland","Total","Thousand persons","Total","13",""
"2011","Iceland","Total","Percentage of total population","Total","5.6",""
"2011","Iceland","Total","Percentage of active population","Total","7.1",""
"2011","Norway","Total","Thousand persons","Total","90",""
"2011","Norway","Total","Percentage of total population","Total","2.3",""
"2011","Norway","Total","Percentage of active population","Total","3.4",""
"2011","Turkey","Total","Thousand persons","Total","2,333",""
"2011","Turkey","Total","Percentage of total population","Total","4.5",""
"2011","Turkey","Total","Percentage of active population","Total","9.1",""
"2011","United States","Total","Thousand persons","Total","13,747",""
"2011","United States","Total","Percentage of total population","Total",":",""
"2011","United States","Total","Percentage of active population","Total","8.9",""
"2011","Japan","Total","Thousand persons","Total","3,019","b"
"2011","Japan","Total","Percentage of total population","Total",":",""
"2011","Japan","Total","Percentage of active population","Total","4.6","b"
"2012","European Union - 27 countries (from 2019)","Total","Thousand persons","Total","22,760",""
"2012","European Union - 27 countries (from 2019)","Total","Percentage of total population","Total","6.8",""
"2012","European Union - 27 countries (from 2019)","Total","Percentage of active population","Total","10.9",""
"2012","European Union - 28 countries","Total","Thousand persons","Total","25,293",""
"2012","European Union - 28 countries","Total","Percentage of total population","Total","6.7",""
"2012","European Union - 28 countries","Total","Percentage of active population","Total","10.5",""
"2012","European Union - 27 countries (2007-2013)","Total","Thousand persons","Total","25,001",""
"2012","European Union - 27 countries (2007-2013)","Total","Percentage of total population","Total","6.6",""
"2012","European Union - 27 countries (2007-2013)","Total","Percentage of active population","Total","10.4",""
"2012","European Union - 25 countries (2004-2006)","Total","Thousand persons","Total","23,964",""
"2012","European Union - 25 countries (2004-2006)","Total","Percentage of total population","Total","6.7",""
"2012","European Union - 25 countries (2004-2006)","Total","Percentage of active population","Total","10.6",""
"2012","Euro area (EA11-2000, EA12-2006, EA13-2007, EA15-2008, EA16-2010, EA17-2013, EA18-2014, EA19)","Total","Thousand persons","Total","18,219",""
"2012","Euro area (EA11-2000, EA12-2006, EA13-2007, EA15-2008, EA16-2010, EA17-2013, EA18-2014, EA19)","Total","Percentage of total population","Total","7.2",""
"2012","Euro area (EA11-2000, EA12-2006, EA13-2007, EA15-2008, EA16-2010, EA17-2013, EA18-2014, EA19)","Total","Percentage of active population","Total","11.4",""
"2012","Euro area (19 countries)","Total","Thousand persons","Total","18,219",""
"2012","Euro area (19 countries)","Total","Percentage of total population","Total","7.2",""
"2012","Euro area (19 countries)","Total","Percentage of active population","Total","11.4",""
"2012","Euro area (18 countries)","Total","Thousand persons","Total","18,023",""
"2012","Euro area (18 countries)","Total","Percentage of total population","Total","7.2",""
"2012","Euro area (18 countries)","Total","Percentage of active population","Total","11.4",""
"2012","Belgium","Total","Thousand persons","Total","369",""
"2012","Belgium","Total","Percentage of total population","Total","4.5",""
"2012","Belgium","Total","Percentage of active population","Total","7.6",""
"2012","Bulgaria","Total","Thousand persons","Total","410",""
"2012","Bulgaria","Total","Percentage of total population","Total","7.2",""
"2012","Bulgaria","Total","Percentage of active population","Total","12.3",""
"2012","Czechia","Total","Thousand persons","Total","367",""
"2012","Czechia","Total","Percentage of total population","Total","4.4",""
"2012","Czechia","Total","Percentage of active population","Total","7.0",""
"2012","Denmark","Total","Thousand persons","Total","219",""
"2012","Denmark","Total","Percentage of total population","Total","5.2",""
"2012","Denmark","Total","Percentage of active population","Total","7.5",""
"2012","Germany (until 1990 former territory of the FRG)","Total","Thousand persons","Total","2,224",""
"2012","Germany (until 1990 former territory of the FRG)","Total","Percentage of total population","Total","3.6",""
"2012","Germany (until 1990 former territory of the FRG)","Total","Percentage of active population","Total","5.4",""
"2012","Estonia","Total","Thousand persons","Total","68",""
"2012","Estonia","Total","Percentage of total population","Total","6.8",""
"2012","Estonia","Total","Percentage of active population","Total","10.0",""
"2012","Ireland","Total","Thousand persons","Total","344",""
"2012","Ireland","Total","Percentage of total population","Total","10.2",""
"2012","Ireland","Total","Percentage of active population","Total","15.5",""
"2012","Greece","Total","Thousand persons","Total","1,195",""
"2012","Greece","Total","Percentage of total population","Total","14.5",""
"2012","Greece","Total","Percentage of active population","Total","24.5",""
"2012","Spain","Total","Thousand persons","Total","5,811",""
"2012","Spain","Total","Percentage of total population","Total","16.5",""
"2012","Spain","Total","Percentage of active population","Total","24.8",""
"2012","France","Total","Thousand persons","Total","2,855",""
"2012","France","Total","Percentage of total population","Total","5.9",""
"2012","France","Total","Percentage of active population","Total","9.8",""
"2012","Croatia","Total","Thousand persons","Total","292",""
"2012","Croatia","Total","Percentage of total population","Total","9.1",""
"2012","Croatia","Total","Percentage of active population","Total","15.8",""
"2012","Italy","Total","Thousand persons","Total","2,691",""
"2012","Italy","Total","Percentage of total population","Total","5.9",""
"2012","Italy","Total","Percentage of active population","Total","10.7",""
"2012","Cyprus","Total","Thousand persons","Total","52",""
"2012","Cyprus","Total","Percentage of total population","Total","8.0",""
"2012","Cyprus","Total","Percentage of active population","Total","11.9",""
"2012","Latvia","Total","Thousand persons","Total","155",""
"2012","Latvia","Total","Percentage of total population","Total","9.9",""
"2012","Latvia","Total","Percentage of active population","Total","15.0",""
"2012","Lithuania","Total","Thousand persons","Total","197",""
"2012","Lithuania","Total","Percentage of total population","Total","8.6",""
"2012","Lithuania","Total","Percentage of active population","Total","13.4",""
"2012","Luxembourg","Total","Thousand persons","Total","13",""
"2012","Luxembourg","Total","Percentage of total population","Total","3.2",""
"2012","Luxembourg","Total","Percentage of active population","Total","5.1",""
"2012","Hungary","Total","Thousand persons","Total","473",""
"2012","Hungary","Total","Percentage of total population","Total","6.2",""
"2012","Hungary","Total","Percentage of active population","Total","11.0",""
"2012","Malta","Total","Thousand persons","Total","11",""
"2012","Malta","Total","Percentage of total population","Total","3.5",""
"2012","Malta","Total","Percentage of active population","Total","6.2",""
"2012","Netherlands","Total","Thousand persons","Total","516",""
"2012","Netherlands","Total","Percentage of total population","Total","4.1",""
"2012","Netherlands","Total","Percentage of active population","Total","5.8",""
"2012","Austria","Total","Thousand persons","Total","209",""
"2012","Austria","Total","Percentage of total population","Total","3.2",""
"2012","Austria","Total","Percentage of active population","Total","4.9",""
"2012","Poland","Total","Thousand persons","Total","1,749",""
"2012","Poland","Total","Percentage of total population","Total","6.1",""
"2012","Poland","Total","Percentage of active population","Total","10.1",""
"2012","Portugal","Total","Thousand persons","Total","835",""
"2012","Portugal","Total","Percentage of total population","Total","10.5",""
"2012","Portugal","Total","Percentage of active population","Total","15.8",""
"2012","Romania","Total","Thousand persons","Total","627",""
"2012","Romania","Total","Percentage of total population","Total","4.1",""
"2012","Romania","Total","Percentage of active population","Total","6.8",""
"2012","Slovenia","Total","Thousand persons","Total","90",""
"2012","Slovenia","Total","Percentage of total population","Total","5.6",""
"2012","Slovenia","Total","Percentage of active population","Total","8.9",""
"2012","Slovakia","Total","Thousand persons","Total","378",""
"2012","Slovakia","Total","Percentage of total population","Total","8.8",""
"2012","Slovakia","Total","Percentage of active population","Total","14.0",""
"2012","Finland","Total","Thousand persons","Total","207",""
"2012","Finland","Total","Percentage of total population","Total","5.1",""
"2012","Finland","Total","Percentage of active population","Total","7.7",""
"2012","Sweden","Total","Thousand persons","Total","403",""
"2012","Sweden","Total","Percentage of total population","Total","5.7",""
"2012","Sweden","Total","Percentage of active population","Total","8.0",""
"2012","United Kingdom","Total","Thousand persons","Total","2,534",""
"2012","United Kingdom","Total","Percentage of total population","Total","5.4",""
"2012","United Kingdom","Total","Percentage of active population","Total","7.9",""
"2012","Iceland","Total","Thousand persons","Total","11",""
"2012","Iceland","Total","Percentage of total population","Total","4.8",""
"2012","Iceland","Total","Percentage of active population","Total","6.0",""
"2012","Norway","Total","Thousand persons","Total","88",""
"2012","Norway","Total","Percentage of total population","Total","2.2",""
"2012","Norway","Total","Percentage of active population","Total","3.3",""
"2012","Turkey","Total","Thousand persons","Total","2,203",""
"2012","Turkey","Total","Percentage of total population","Total","4.2",""
"2012","Turkey","Total","Percentage of active population","Total","8.4",""
"2012","United States","Total","Thousand persons","Total","12,506",""
"2012","United States","Total","Percentage of total population","Total",":",""
"2012","United States","Total","Percentage of active population","Total","8.1",""
"2012","Japan","Total","Thousand persons","Total","2,848",""
"2012","Japan","Total","Percentage of total population","Total",":",""
"2012","Japan","Total","Percentage of active population","Total","4.3",""
"2013","European Union - 27 countries (from 2019)","Total","Thousand persons","Total","23,897",""
"2013","European Union - 27 countries (from 2019)","Total","Percentage of total population","Total","7.2",""
"2013","European Union - 27 countries (from 2019)","Total","Percentage of active population","Total","11.4",""
"2013","European Union - 28 countries","Total","Thousand persons","Total","26,334",""
"2013","European Union - 28 countries","Total","Percentage of total population","Total","6.9",""
"2013","European Union - 28 countries","Total","Percentage of active population","Total","10.9",""
"2013","European Union - 27 countries (2007-2013)","Total","Thousand persons","Total","26,014",""
"2013","European Union - 27 countries (2007-2013)","Total","Percentage of total population","Total","6.9",""
"2013","European Union - 27 countries (2007-2013)","Total","Percentage of active population","Total","10.8",""
"2013","European Union - 25 countries (2004-2006)","Total","Thousand persons","Total","24,925",""
"2013","European Union - 25 countries (2004-2006)","Total","Percentage of total population","Total","7.0",""
"2013","European Union - 25 countries (2004-2006)","Total","Percentage of active population","Total","11.0",""
"2013","Euro area (EA11-2000, EA12-2006, EA13-2007, EA15-2008, EA16-2010, EA17-2013, EA18-2014, EA19)","Total","Thousand persons","Total","19,271",""
"2013","Euro area (EA11-2000, EA12-2006, EA13-2007, EA15-2008, EA16-2010, EA17-2013, EA18-2014, EA19)","Total","Percentage of total population","Total","7.6",""
"2013","Euro area (EA11-2000, EA12-2006, EA13-2007, EA15-2008, EA16-2010, EA17-2013, EA18-2014, EA19)","Total","Percentage of active population","Total","12.0",""
"2013","Euro area (19 countries)","Total","Thousand persons","Total","19,271",""
"2013","Euro area (19 countries)","Total","Percentage of total population","Total","7.6",""
"2013","Euro area (19 countries)","Total","Percentage of active population","Total","12.0",""
"2013","Euro area (18 countries)","Total","Thousand persons","Total","19,098",""
"2013","Euro area (18 countries)","Total","Percentage of total population","Total","7.6",""
"2013","Euro area (18 countries)","Total","Percentage of active population","Total","12.0",""
"2013","Belgium","Total","Thousand persons","Total","417",""
"2013","Belgium","Total","Percentage of total population","Total","5.1",""
"2013","Belgium","Total","Percentage of active population","Total","8.4",""
"2013","Bulgaria","Total","Thousand persons","Total","436",""
"2013","Bulgaria","Total","Percentage of total population","Total","7.7",""
"2013","Bulgaria","Total","Percentage of active population","Total","13.0",""
"2013","Czechia","Total","Thousand persons","Total","370",""
"2013","Czechia","Total","Percentage of total population","Total","4.5",""
"2013","Czechia","Total","Percentage of active population","Total","7.0",""
"2013","Denmark","Total","Thousand persons","Total","202",""
"2013","Denmark","Total","Percentage of total population","Total","4.8",""
"2013","Denmark","Total","Percentage of active population","Total","7.0",""
"2013","Germany (until 1990 former territory of the FRG)","Total","Thousand persons","Total","2,182",""
"2013","Germany (until 1990 former territory of the FRG)","Total","Percentage of total population","Total","3.6",""
"2013","Germany (until 1990 former territory of the FRG)","Total","Percentage of active population","Total","5.2",""
"2013","Estonia","Total","Thousand persons","Total","59",""
"2013","Estonia","Total","Percentage of total population","Total","5.9",""
"2013","Estonia","Total","Percentage of active population","Total","8.6",""
"2013","Ireland","Total","Thousand persons","Total","309",""
"2013","Ireland","Total","Percentage of total population","Total","9.1",""
"2013","Ireland","Total","Percentage of active population","Total","13.8",""
"2013","Greece","Total","Thousand persons","Total","1,330",""
"2013","Greece","Total","Percentage of total population","Total","16.3",""
"2013","Greece","Total","Percentage of active population","Total","27.5",""
"2013","Spain","Total","Thousand persons","Total","6,051",""
"2013","Spain","Total","Percentage of total population","Total","17.3",""
"2013","Spain","Total","Percentage of active population","Total","26.1",""
"2013","France","Total","Thousand persons","Total","3,026",""
"2013","France","Total","Percentage of total population","Total","6.3",""
"2013","France","Total","Percentage of active population","Total","10.3",""
"2013","Croatia","Total","Thousand persons","Total","320",""
"2013","Croatia","Total","Percentage of total population","Total","9.8",""
"2013","Croatia","Total","Percentage of active population","Total","17.4",""
"2013","Italy","Total","Thousand persons","Total","3,069",""
"2013","Italy","Total","Percentage of total population","Total","6.7",""
"2013","Italy","Total","Percentage of active population","Total","12.1",""
"2013","Cyprus","Total","Thousand persons","Total","69",""
"2013","Cyprus","Total","Percentage of total population","Total","10.7",""
"2013","Cyprus","Total","Percentage of active population","Total","15.9",""
"2013","Latvia","Total","Thousand persons","Total","120",""
"2013","Latvia","Total","Percentage of total population","Total","7.8",""
"2013","Latvia","Total","Percentage of active population","Total","11.9",""
"2013","Lithuania","Total","Thousand persons","Total","172",""
"2013","Lithuania","Total","Percentage of total population","Total","7.6",""
"2013","Lithuania","Total","Percentage of active population","Total","11.8",""
"2013","Luxembourg","Total","Thousand persons","Total","15",""
"2013","Luxembourg","Total","Percentage of total population","Total","3.7",""
"2013","Luxembourg","Total","Percentage of active population","Total","5.9",""
"2013","Hungary","Total","Thousand persons","Total","441",""
"2013","Hungary","Total","Percentage of total population","Total","5.8",""
"2013","Hungary","Total","Percentage of active population","Total","10.2",""
"2013","Malta","Total","Thousand persons","Total","12",""
"2013","Malta","Total","Percentage of total population","Total","3.6",""
"2013","Malta","Total","Percentage of active population","Total","6.1",""
"2013","Netherlands","Total","Thousand persons","Total","647",""
"2013","Netherlands","Total","Percentage of total population","Total","5.1",""
"2013","Netherlands","Total","Percentage of active population","Total","7.3",""
"2013","Austria","Total","Thousand persons","Total","231",""
"2013","Austria","Total","Percentage of total population","Total","3.6",""
"2013","Austria","Total","Percentage of active population","Total","5.4",""
"2013","Poland","Total","Thousand persons","Total","1,793",""
"2013","Poland","Total","Percentage of total population","Total","6.3",""
"2013","Poland","Total","Percentage of active population","Total","10.3",""
"2013","Portugal","Total","Thousand persons","Total","855",""
"2013","Portugal","Total","Percentage of total population","Total","10.8",""
"2013","Portugal","Total","Percentage of active population","Total","16.4",""
"2013","Romania","Total","Thousand persons","Total","653",""
"2013","Romania","Total","Percentage of total population","Total","4.2",""
"2013","Romania","Total","Percentage of active population","Total","7.1",""
"2013","Slovenia","Total","Thousand persons","Total","102",""
"2013","Slovenia","Total","Percentage of total population","Total","6.4",""
"2013","Slovenia","Total","Percentage of active population","Total","10.1",""
"2013","Slovakia","Total","Thousand persons","Total","386",""
"2013","Slovakia","Total","Percentage of total population","Total","9.0",""
"2013","Slovakia","Total","Percentage of active population","Total","14.2",""
"2013","Finland","Total","Thousand persons","Total","219",""
"2013","Finland","Total","Percentage of total population","Total","5.4",""
"2013","Finland","Total","Percentage of active population","Total","8.2",""
"2013","Sweden","Total","Thousand persons","Total","411",""
"2013","Sweden","Total","Percentage of total population","Total","5.8",""
"2013","Sweden","Total","Percentage of active population","Total","8.0",""
"2013","United Kingdom","Total","Thousand persons","Total","2,437",""
"2013","United Kingdom","Total","Percentage of total population","Total","5.2",""
"2013","United Kingdom","Total","Percentage of active population","Total","7.5",""
"2013","Iceland","Total","Thousand persons","Total","10",""
"2013","Iceland","Total","Percentage of total population","Total","4.3",""
"2013","Iceland","Total","Percentage of active population","Total","5.4",""
"2013","Norway","Total","Thousand persons","Total","101",""
"2013","Norway","Total","Percentage of total population","Total","2.4",""
"2013","Norway","Total","Percentage of active population","Total","3.8",""
"2013","Turkey","Total","Thousand persons","Total","2,449",""
"2013","Turkey","Total","Percentage of total population","Total","4.6",""
"2013","Turkey","Total","Percentage of active population","Total","9.0",""
"2013","United States","Total","Thousand persons","Total","11,459",""
"2013","United States","Total","Percentage of total population","Total",":",""
"2013","United States","Total","Percentage of active population","Total","7.4",""
"2013","Japan","Total","Thousand persons","Total","2,668",""
"2013","Japan","Total","Percentage of total population","Total",":",""
"2013","Japan","Total","Percentage of active population","Total","4.0",""
"2014","European Union - 27 countries (from 2019)","Total","Thousand persons","Total","22,836",""
"2014","European Union - 27 countries (from 2019)","Total","Percentage of total population","Total","6.9",""
"2014","European Union - 27 countries (from 2019)","Total","Percentage of active population","Total","10.9",""
"2014","European Union - 28 countries","Total","Thousand persons","Total","24,832",""
"2014","European Union - 28 countries","Total","Percentage of total population","Total","6.5",""
"2014","European Union - 28 countries","Total","Percentage of active population","Total","10.2",""
"2014","European Union - 27 countries (2007-2013)","Total","Thousand persons","Total","24,507",""
"2014","European Union - 27 countries (2007-2013)","Total","Percentage of total population","Total","6.5",""
"2014","European Union - 27 countries (2007-2013)","Total","Percentage of active population","Total","10.2",""
"2014","European Union - 25 countries (2004-2006)","Total","Thousand persons","Total","23,494",""
"2014","European Union - 25 countries (2004-2006)","Total","Percentage of total population","Total","6.6",""
"2014","European Union - 25 countries (2004-2006)","Total","Percentage of active population","Total","10.3",""
"2014","Euro area (EA11-2000, EA12-2006, EA13-2007, EA15-2008, EA16-2010, EA17-2013, EA18-2014, EA19)","Total","Thousand persons","Total","18,662",""
"2014","Euro area (EA11-2000, EA12-2006, EA13-2007, EA15-2008, EA16-2010, EA17-2013, EA18-2014, EA19)","Total","Percentage of total population","Total","7.4",""
"2014","Euro area (EA11-2000, EA12-2006, EA13-2007, EA15-2008, EA16-2010, EA17-2013, EA18-2014, EA19)","Total","Percentage of active population","Total","11.6",""
"2014","Euro area (19 countries)","Total","Thousand persons","Total","18,662",""
"2014","Euro area (19 countries)","Total","Percentage of total population","Total","7.4",""
"2014","Euro area (19 countries)","Total","Percentage of active population","Total","11.6",""
"2014","Euro area (18 countries)","Total","Thousand persons","Total","18,504",""
"2014","Euro area (18 countries)","Total","Percentage of total population","Total","7.4",""
"2014","Euro area (18 countries)","Total","Percentage of active population","Total","11.6",""
"2014","Belgium","Total","Thousand persons","Total","423",""
"2014","Belgium","Total","Percentage of total population","Total","5.1",""
"2014","Belgium","Total","Percentage of active population","Total","8.5",""
"2014","Bulgaria","Total","Thousand persons","Total","385",""
"2014","Bulgaria","Total","Percentage of total population","Total","6.9",""
"2014","Bulgaria","Total","Percentage of active population","Total","11.4",""
"2014","Czechia","Total","Thousand persons","Total","324",""
"2014","Czechia","Total","Percentage of total population","Total","3.9",""
"2014","Czechia","Total","Percentage of active population","Total","6.1",""
"2014","Denmark","Total","Thousand persons","Total","191",""
"2014","Denmark","Total","Percentage of total population","Total","4.5",""
"2014","Denmark","Total","Percentage of active population","Total","6.6",""
"2014","Germany (until 1990 former territory of the FRG)","Total","Thousand persons","Total","2,090",""
"2014","Germany (until 1990 former territory of the FRG)","Total","Percentage of total population","Total","3.4",""
"2014","Germany (until 1990 former territory of the FRG)","Total","Percentage of active population","Total","5.0",""
"2014","Estonia","Total","Thousand persons","Total","50",""
"2014","Estonia","Total","Percentage of total population","Total","5.0",""
"2014","Estonia","Total","Percentage of active population","Total","7.4",""
"2014","Ireland","Total","Thousand persons","Total","268",""
"2014","Ireland","Total","Percentage of total population","Total","7.9",""
"2014","Ireland","Total","Percentage of active population","Total","11.9",""
"2014","Greece","Total","Thousand persons","Total","1,274",""
"2014","Greece","Total","Percentage of total population","Total","15.7",""
"2014","Greece","Total","Percentage of active population","Total","26.5",""
"2014","Spain","Total","Thousand persons","Total","5,610",""
"2014","Spain","Total","Percentage of total population","Total","16.0",""
"2014","Spain","Total","Percentage of active population","Total","24.5",""
"2014","France","Total","Thousand persons","Total","3,026",""
"2014","France","Total","Percentage of total population","Total","6.2",""
"2014","France","Total","Percentage of active population","Total","10.3",""
"2014","Croatia","Total","Thousand persons","Total","325",""
"2014","Croatia","Total","Percentage of total population","Total","10.1",""
"2014","Croatia","Total","Percentage of active population","Total","17.2",""
"2014","Italy","Total","Thousand persons","Total","3,236",""
"2014","Italy","Total","Percentage of total population","Total","7.1",""
"2014","Italy","Total","Percentage of active population","Total","12.7",""
"2014","Cyprus","Total","Thousand persons","Total","70",""
"2014","Cyprus","Total","Percentage of total population","Total","11.0",""
"2014","Cyprus","Total","Percentage of active population","Total","16.1",""
"2014","Latvia","Total","Thousand persons","Total","108",""
"2014","Latvia","Total","Percentage of total population","Total","7.2",""
"2014","Latvia","Total","Percentage of active population","Total","10.8",""
"2014","Lithuania","Total","Thousand persons","Total","158",""
"2014","Lithuania","Total","Percentage of total population","Total","7.1",""
"2014","Lithuania","Total","Percentage of active population","Total","10.7",""
"2014","Luxembourg","Total","Thousand persons","Total","16",""
"2014","Luxembourg","Total","Percentage of total population","Total","3.7",""
"2014","Luxembourg","Total","Percentage of active population","Total","6.0",""
"2014","Hungary","Total","Thousand persons","Total","343",""
"2014","Hungary","Total","Percentage of total population","Total","4.5",""
"2014","Hungary","Total","Percentage of active population","Total","7.7",""
"2014","Malta","Total","Thousand persons","Total","12",""
"2014","Malta","Total","Percentage of total population","Total","3.4",""
"2014","Malta","Total","Percentage of active population","Total","5.7",""
"2014","Netherlands","Total","Thousand persons","Total","660",""
"2014","Netherlands","Total","Percentage of total population","Total","5.2",""
"2014","Netherlands","Total","Percentage of active population","Total","7.4",""
"2014","Austria","Total","Thousand persons","Total","245",""
"2014","Austria","Total","Percentage of total population","Total","3.8",""
"2014","Austria","Total","Percentage of active population","Total","5.6",""
"2014","Poland","Total","Thousand persons","Total","1,567",""
"2014","Poland","Total","Percentage of total population","Total","5.5",""
"2014","Poland","Total","Percentage of active population","Total","9.0",""
"2014","Portugal","Total","Thousand persons","Total","729",""
"2014","Portugal","Total","Percentage of total population","Total","9.2",""
"2014","Portugal","Total","Percentage of active population","Total","14.1",""
"2014","Romania","Total","Thousand persons","Total","629",""
"2014","Romania","Total","Percentage of total population","Total","4.1",""
"2014","Romania","Total","Percentage of active population","Total","6.8",""
"2014","Slovenia","Total","Thousand persons","Total","98",""
"2014","Slovenia","Total","Percentage of total population","Total","6.2",""
"2014","Slovenia","Total","Percentage of active population","Total","9.7",""
"2014","Slovakia","Total","Thousand persons","Total","359",""
"2014","Slovakia","Total","Percentage of total population","Total","8.4",""
"2014","Slovakia","Total","Percentage of active population","Total","13.2",""
"2014","Finland","Total","Thousand persons","Total","232",""
"2014","Finland","Total","Percentage of total population","Total","5.7",""
"2014","Finland","Total","Percentage of active population","Total","8.7",""
"2014","Sweden","Total","Thousand persons","Total","411",""
"2014","Sweden","Total","Percentage of total population","Total","5.7",""
"2014","Sweden","Total","Percentage of active population","Total","7.9",""
"2014","United Kingdom","Total","Thousand persons","Total","1,996",""
"2014","United Kingdom","Total","Percentage of total population","Total","4.2",""
"2014","United Kingdom","Total","Percentage of active population","Total","6.1",""
"2014","Iceland","Total","Thousand persons","Total","9",""
"2014","Iceland","Total","Percentage of total population","Total","4.0",""
"2014","Iceland","Total","Percentage of active population","Total","5.0",""
"2014","Norway","Total","Thousand persons","Total","99",""
"2014","Norway","Total","Percentage of total population","Total","2.5",""
"2014","Norway","Total","Percentage of active population","Total","3.6",""
"2014","Turkey","Total","Thousand persons","Total","2,860",""
"2014","Turkey","Total","Percentage of total population","Total","5.2",""
"2014","Turkey","Total","Percentage of active population","Total","9.9",""
"2014","United States","Total","Thousand persons","Total","9,616",""
"2014","United States","Total","Percentage of total population","Total",":",""
"2014","United States","Total","Percentage of active population","Total","6.2",""
"2014","Japan","Total","Thousand persons","Total","2,380",""
"2014","Japan","Total","Percentage of total population","Total",":",""
"2014","Japan","Total","Percentage of active population","Total","3.6",""
"2015","European Union - 27 countries (from 2019)","Total","Thousand persons","Total","21,154",""
"2015","European Union - 27 countries (from 2019)","Total","Percentage of total population","Total","6.4",""
"2015","European Union - 27 countries (from 2019)","Total","Percentage of active population","Total","10.0",""
"2015","European Union - 28 countries","Total","Thousand persons","Total","22,900",""
"2015","European Union - 28 countries","Total","Percentage of total population","Total","6.0",""
"2015","European Union - 28 countries","Total","Percentage of active population","Total","9.4",""
"2015","European Union - 27 countries (2007-2013)","Total","Thousand persons","Total","22,596",""
"2015","European Union - 27 countries (2007-2013)","Total","Percentage of total population","Total","6.0",""
"2015","European Union - 27 countries (2007-2013)","Total","Percentage of active population","Total","9.4",""
"2015","European Union - 25 countries (2004-2006)","Total","Thousand persons","Total","21,667",""
"2015","European Union - 25 countries (2004-2006)","Total","Percentage of total population","Total","6.1",""
"2015","European Union - 25 countries (2004-2006)","Total","Percentage of active population","Total","9.5",""
"2015","Euro area (EA11-2000, EA12-2006, EA13-2007, EA15-2008, EA16-2010, EA17-2013, EA18-2014, EA19)","Total","Thousand persons","Total","17,472",""
"2015","Euro area (EA11-2000, EA12-2006, EA13-2007, EA15-2008, EA16-2010, EA17-2013, EA18-2014, EA19)","Total","Percentage of total population","Total","6.9",""
"2015","Euro area (EA11-2000, EA12-2006, EA13-2007, EA15-2008, EA16-2010, EA17-2013, EA18-2014, EA19)","Total","Percentage of active population","Total","10.9",""
"2015","Euro area (19 countries)","Total","Thousand persons","Total","17,472",""
"2015","Euro area (19 countries)","Total","Percentage of total population","Total","6.9",""
"2015","Euro area (19 countries)","Total","Percentage of active population","Total","10.9",""
"2015","Euro area (18 countries)","Total","Thousand persons","Total","17,338",""
"2015","Euro area (18 countries)","Total","Percentage of total population","Total","6.9",""
"2015","Euro area (18 countries)","Total","Percentage of active population","Total","10.9",""
"2015","Belgium","Total","Thousand persons","Total","422",""
"2015","Belgium","Total","Percentage of total population","Total","5.1",""
"2015","Belgium","Total","Percentage of active population","Total","8.5",""
"2015","Bulgaria","Total","Thousand persons","Total","305",""
"2015","Bulgaria","Total","Percentage of total population","Total","5.5",""
"2015","Bulgaria","Total","Percentage of active population","Total","9.2",""
"2015","Czechia","Total","Thousand persons","Total","268",""
"2015","Czechia","Total","Percentage of total population","Total","3.3",""
"2015","Czechia","Total","Percentage of active population","Total","5.1",""
"2015","Denmark","Total","Thousand persons","Total","181",""
"2015","Denmark","Total","Percentage of total population","Total","4.2",""
"2015","Denmark","Total","Percentage of active population","Total","6.2",""
"2015","Germany (until 1990 former territory of the FRG)","Total","Thousand persons","Total","1,950",""
"2015","Germany (until 1990 former territory of the FRG)","Total","Percentage of total population","Total","3.2",""
"2015","Germany (until 1990 former territory of the FRG)","Total","Percentage of active population","Total","4.6",""
"2015","Estonia","Total","Thousand persons","Total","42",""
"2015","Estonia","Total","Percentage of total population","Total","4.3",""
"2015","Estonia","Total","Percentage of active population","Total","6.2",""
"2015","Ireland","Total","Thousand persons","Total","226",""
"2015","Ireland","Total","Percentage of total population","Total","6.6",""
"2015","Ireland","Total","Percentage of active population","Total","10.0",""
"2015","Greece","Total","Thousand persons","Total","1,197",""
"2015","Greece","Total","Percentage of total population","Total","14.8",""
"2015","Greece","Total","Percentage of active population","Total","24.9",""
"2015","Spain","Total","Thousand persons","Total","5,056",""
"2015","Spain","Total","Percentage of total population","Total","14.5",""
"2015","Spain","Total","Percentage of active population","Total","22.1",""
"2015","France","Total","Thousand persons","Total","3,054",""
"2015","France","Total","Percentage of total population","Total","6.3",""
"2015","France","Total","Percentage of active population","Total","10.4",""
"2015","Croatia","Total","Thousand persons","Total","304",""
"2015","Croatia","Total","Percentage of total population","Total","9.5",""
"2015","Croatia","Total","Percentage of active population","Total","16.1",""
"2015","Italy","Total","Thousand persons","Total","3,032",""
"2015","Italy","Total","Percentage of total population","Total","6.7",""
"2015","Italy","Total","Percentage of active population","Total","11.9",""
"2015","Cyprus","Total","Thousand persons","Total","63",""
"2015","Cyprus","Total","Percentage of total population","Total","10.0",""
"2015","Cyprus","Total","Percentage of active population","Total","15.0",""
"2015","Latvia","Total","Thousand persons","Total","98",""
"2015","Latvia","Total","Percentage of total population","Total","6.7",""
"2015","Latvia","Total","Percentage of active population","Total","9.9",""
"2015","Lithuania","Total","Thousand persons","Total","134",""
"2015","Lithuania","Total","Percentage of total population","Total","6.1",""
"2015","Lithuania","Total","Percentage of active population","Total","9.1",""
"2015","Luxembourg","Total","Thousand persons","Total","18",""
"2015","Luxembourg","Total","Percentage of total population","Total","4.3",""
"2015","Luxembourg","Total","Percentage of active population","Total","6.5",""
"2015","Hungary","Total","Thousand persons","Total","308",""
"2015","Hungary","Total","Percentage of total population","Total","4.1",""
"2015","Hungary","Total","Percentage of active population","Total","6.8",""
"2015","Malta","Total","Thousand persons","Total","11",""
"2015","Malta","Total","Percentage of total population","Total","3.2",""
"2015","Malta","Total","Percentage of active population","Total","5.4",""
"2015","Netherlands","Total","Thousand persons","Total","614",""
"2015","Netherlands","Total","Percentage of total population","Total","4.8",""
"2015","Netherlands","Total","Percentage of active population","Total","6.9",""
"2015","Austria","Total","Thousand persons","Total","252",""
"2015","Austria","Total","Percentage of total population","Total","3.8",""
"2015","Austria","Total","Percentage of active population","Total","5.7",""
"2015","Poland","Total","Thousand persons","Total","1,304",""
"2015","Poland","Total","Percentage of total population","Total","4.6",""
"2015","Poland","Total","Percentage of active population","Total","7.5",""
"2015","Portugal","Total","Thousand persons","Total","648",""
"2015","Portugal","Total","Percentage of total population","Total","8.3",""
"2015","Portugal","Total","Percentage of active population","Total","12.6",""
"2015","Romania","Total","Thousand persons","Total","624",""
"2015","Romania","Total","Percentage of total population","Total","4.1",""
"2015","Romania","Total","Percentage of active population","Total","6.8",""
"2015","Slovenia","Total","Thousand persons","Total","90",""
"2015","Slovenia","Total","Percentage of total population","Total","5.7",""
"2015","Slovenia","Total","Percentage of active population","Total","9.0",""
"2015","Slovakia","Total","Thousand persons","Total","314",""
"2015","Slovakia","Total","Percentage of total population","Total","7.3",""
"2015","Slovakia","Total","Percentage of active population","Total","11.5",""
"2015","Finland","Total","Thousand persons","Total","252",""
"2015","Finland","Total","Percentage of total population","Total","6.2",""
"2015","Finland","Total","Percentage of active population","Total","9.4",""
"2015","Sweden","Total","Thousand persons","Total","387",""
"2015","Sweden","Total","Percentage of total population","Total","5.4",""
"2015","Sweden","Total","Percentage of active population","Total","7.4",""
"2015","United Kingdom","Total","Thousand persons","Total","1,746",""
"2015","United Kingdom","Total","Percentage of total population","Total","3.7",""
"2015","United Kingdom","Total","Percentage of active population","Total","5.3",""
"2015","Iceland","Total","Thousand persons","Total","8",""
"2015","Iceland","Total","Percentage of total population","Total","3.3",""
"2015","Iceland","Total","Percentage of active population","Total","4.0",""
"2015","Norway","Total","Thousand persons","Total","124",""
"2015","Norway","Total","Percentage of total population","Total","3.1",""
"2015","Norway","Total","Percentage of active population","Total","4.5",""
"2015","Turkey","Total","Thousand persons","Total","3,054",""
"2015","Turkey","Total","Percentage of total population","Total","5.5",""
"2015","Turkey","Total","Percentage of active population","Total","10.3",""
"2015","United States","Total","Thousand persons","Total","8,297",""
"2015","United States","Total","Percentage of total population","Total",":",""
"2015","United States","Total","Percentage of active population","Total","5.3",""
"2015","Japan","Total","Thousand persons","Total","2,233",""
"2015","Japan","Total","Percentage of total population","Total",":",""
"2015","Japan","Total","Percentage of active population","Total","3.4",""
"2016","European Union - 27 countries (from 2019)","Total","Thousand persons","Total","19,344",""
"2016","European Union - 27 countries (from 2019)","Total","Percentage of total population","Total","5.8",""
"2016","European Union - 27 countries (from 2019)","Total","Percentage of active population","Total","9.1",""
"2016","European Union - 28 countries","Total","Thousand persons","Total","20,943",""
"2016","European Union - 28 countries","Total","Percentage of total population","Total","5.5",""
"2016","European Union - 28 countries","Total","Percentage of active population","Total","8.6",""
"2016","European Union - 27 countries (2007-2013)","Total","Thousand persons","Total","20,698",""
"2016","European Union - 27 countries (2007-2013)","Total","Percentage of total population","Total","5.5",""
"2016","European Union - 27 countries (2007-2013)","Total","Percentage of active population","Total","8.5",""
"2016","European Union - 25 countries (2004-2006)","Total","Thousand persons","Total","19,921",""
"2016","European Union - 25 countries (2004-2006)","Total","Percentage of total population","Total","5.6",""
"2016","European Union - 25 countries (2004-2006)","Total","Percentage of active population","Total","8.6",""
"2016","Euro area (EA11-2000, EA12-2006, EA13-2007, EA15-2008, EA16-2010, EA17-2013, EA18-2014, EA19)","Total","Thousand persons","Total","16,258",""
"2016","Euro area (EA11-2000, EA12-2006, EA13-2007, EA15-2008, EA16-2010, EA17-2013, EA18-2014, EA19)","Total","Percentage of total population","Total","6.4",""
"2016","Euro area (EA11-2000, EA12-2006, EA13-2007, EA15-2008, EA16-2010, EA17-2013, EA18-2014, EA19)","Total","Percentage of active population","Total","10.0",""
"2016","Euro area (19 countries)","Total","Thousand persons","Total","16,258",""
"2016","Euro area (19 countries)","Total","Percentage of total population","Total","6.4",""
"2016","Euro area (19 countries)","Total","Percentage of active population","Total","10.0",""
"2016","Euro area (18 countries)","Total","Thousand persons","Total","16,142",""
"2016","Euro area (18 countries)","Total","Percentage of total population","Total","6.4",""
"2016","Euro area (18 countries)","Total","Percentage of active population","Total","10.0",""
"2016","Belgium","Total","Thousand persons","Total","390",""
"2016","Belgium","Total","Percentage of total population","Total","4.7",""
"2016","Belgium","Total","Percentage of active population","Total","7.8",""
"2016","Bulgaria","Total","Thousand persons","Total","247",""
"2016","Bulgaria","Total","Percentage of total population","Total","4.5",""
"2016","Bulgaria","Total","Percentage of active population","Total","7.6",""
"2016","Czechia","Total","Thousand persons","Total","212",""
"2016","Czechia","Total","Percentage of total population","Total","2.6",""
"2016","Czechia","Total","Percentage of active population","Total","4.0",""
"2016","Denmark","Total","Thousand persons","Total","187",""
"2016","Denmark","Total","Percentage of total population","Total","4.3",""
"2016","Denmark","Total","Percentage of active population","Total","6.2",""
"2016","Germany (until 1990 former territory of the FRG)","Total","Thousand persons","Total","1,774",""
"2016","Germany (until 1990 former territory of the FRG)","Total","Percentage of total population","Total","2.9",""
"2016","Germany (until 1990 former territory of the FRG)","Total","Percentage of active population","Total","4.1",""
"2016","Estonia","Total","Thousand persons","Total","47",""
"2016","Estonia","Total","Percentage of total population","Total","4.8",""
"2016","Estonia","Total","Percentage of active population","Total","6.8",""
"2016","Ireland","Total","Thousand persons","Total","195",""
"2016","Ireland","Total","Percentage of total population","Total","5.6",""
"2016","Ireland","Total","Percentage of active population","Total","8.4",""
"2016","Greece","Total","Thousand persons","Total","1,131",""
"2016","Greece","Total","Percentage of total population","Total","14.1",""
"2016","Greece","Total","Percentage of active population","Total","23.6",""
"2016","Spain","Total","Thousand persons","Total","4,481",""
"2016","Spain","Total","Percentage of total population","Total","12.8",""
"2016","Spain","Total","Percentage of active population","Total","19.6",""
"2016","France","Total","Thousand persons","Total","2,972",""
"2016","France","Total","Percentage of total population","Total","6.1",""
"2016","France","Total","Percentage of active population","Total","10.1",""
"2016","Croatia","Total","Thousand persons","Total","245",""
"2016","Croatia","Total","Percentage of total population","Total","7.5",""
"2016","Croatia","Total","Percentage of active population","Total","13.4",""
"2016","Italy","Total","Thousand persons","Total","3,012",""
"2016","Italy","Total","Percentage of total population","Total","6.6",""
"2016","Italy","Total","Percentage of active population","Total","11.7",""
"2016","Cyprus","Total","Thousand persons","Total","54",""
"2016","Cyprus","Total","Percentage of total population","Total","8.6",""
"2016","Cyprus","Total","Percentage of active population","Total","13.0",""
"2016","Latvia","Total","Thousand persons","Total","95",""
"2016","Latvia","Total","Percentage of total population","Total","6.6",""
"2016","Latvia","Total","Percentage of active population","Total","9.6",""
"2016","Lithuania","Total","Thousand persons","Total","116",""
"2016","Lithuania","Total","Percentage of total population","Total","5.3",""
"2016","Lithuania","Total","Percentage of active population","Total","7.9",""
"2016","Luxembourg","Total","Thousand persons","Total","18",""
"2016","Luxembourg","Total","Percentage of total population","Total","4.0",""
"2016","Luxembourg","Total","Percentage of active population","Total","6.3",""
"2016","Hungary","Total","Thousand persons","Total","235",""
"2016","Hungary","Total","Percentage of total population","Total","3.1",""
"2016","Hungary","Total","Percentage of active population","Total","5.1",""
"2016","Malta","Total","Thousand persons","Total","10",""
"2016","Malta","Total","Percentage of total population","Total","2.9",""
"2016","Malta","Total","Percentage of active population","Total","4.7",""
"2016","Netherlands","Total","Thousand persons","Total","538",""
"2016","Netherlands","Total","Percentage of total population","Total","4.2",""
"2016","Netherlands","Total","Percentage of active population","Total","6.0",""
"2016","Austria","Total","Thousand persons","Total","270",""
"2016","Austria","Total","Percentage of total population","Total","4.1",""
"2016","Austria","Total","Percentage of active population","Total","6.0",""
"2016","Poland","Total","Thousand persons","Total","1,063",""
"2016","Poland","Total","Percentage of total population","Total","3.8",""
"2016","Poland","Total","Percentage of active population","Total","6.2",""
"2016","Portugal","Total","Thousand persons","Total","571",""
"2016","Portugal","Total","Percentage of total population","Total","7.3",""
"2016","Portugal","Total","Percentage of active population","Total","11.2",""
"2016","Romania","Total","Thousand persons","Total","530",""
"2016","Romania","Total","Percentage of total population","Total","3.5",""
"2016","Romania","Total","Percentage of active population","Total","5.9",""
"2016","Slovenia","Total","Thousand persons","Total","80",""
"2016","Slovenia","Total","Percentage of total population","Total","5.0",""
"2016","Slovenia","Total","Percentage of active population","Total","8.0",""
"2016","Slovakia","Total","Thousand persons","Total","267",""
"2016","Slovakia","Total","Percentage of total population","Total","6.2",""
"2016","Slovakia","Total","Percentage of active population","Total","9.7",""
"2016","Finland","Total","Thousand persons","Total","237",""
"2016","Finland","Total","Percentage of total population","Total","5.8",""
"2016","Finland","Total","Percentage of active population","Total","8.8",""
"2016","Sweden","Total","Thousand persons","Total","366",""
"2016","Sweden","Total","Percentage of total population","Total","5.0",""
"2016","Sweden","Total","Percentage of active population","Total","6.9",""
"2016","United Kingdom","Total","Thousand persons","Total","1,599",""
"2016","United Kingdom","Total","Percentage of total population","Total","3.3",""
"2016","United Kingdom","Total","Percentage of active population","Total","4.8",""
"2016","Iceland","Total","Thousand persons","Total","6",""
"2016","Iceland","Total","Percentage of total population","Total","2.5",""
"2016","Iceland","Total","Percentage of active population","Total","3.0",""
"2016","Norway","Total","Thousand persons","Total","132",""
"2016","Norway","Total","Percentage of total population","Total","3.3",""
"2016","Norway","Total","Percentage of active population","Total","4.8",""
"2016","Turkey","Total","Thousand persons","Total","3,330",""
"2016","Turkey","Total","Percentage of total population","Total","5.9",""
"2016","Turkey","Total","Percentage of active population","Total","10.9",""
"2016","United States","Total","Thousand persons","Total","7,751",""
"2016","United States","Total","Percentage of total population","Total",":",""
"2016","United States","Total","Percentage of active population","Total","4.9",""
"2016","Japan","Total","Thousand persons","Total","2,078",""
"2016","Japan","Total","Percentage of total population","Total",":",""
"2016","Japan","Total","Percentage of active population","Total","3.1",""
"2017","European Union - 27 countries (from 2019)","Total","Thousand persons","Total","17,327",""
"2017","European Union - 27 countries (from 2019)","Total","Percentage of total population","Total","5.2",""
"2017","European Union - 27 countries (from 2019)","Total","Percentage of active population","Total","8.1",""
"2017","European Union - 28 countries","Total","Thousand persons","Total","18,776",""
"2017","European Union - 28 countries","Total","Percentage of total population","Total","4.9",""
"2017","European Union - 28 countries","Total","Percentage of active population","Total","7.6",""
"2017","European Union - 27 countries (2007-2013)","Total","Thousand persons","Total","18,574",""
"2017","European Union - 27 countries (2007-2013)","Total","Percentage of total population","Total","4.9",""
"2017","European Union - 27 countries (2007-2013)","Total","Percentage of active population","Total","7.6",""
"2017","European Union - 25 countries (2004-2006)","Total","Thousand persons","Total","17,918",""
"2017","European Union - 25 countries (2004-2006)","Total","Percentage of total population","Total","5.0",""
"2017","European Union - 25 countries (2004-2006)","Total","Percentage of active population","Total","7.7",""
"2017","Euro area (EA11-2000, EA12-2006, EA13-2007, EA15-2008, EA16-2010, EA17-2013, EA18-2014, EA19)","Total","Thousand persons","Total","14,748",""
"2017","Euro area (EA11-2000, EA12-2006, EA13-2007, EA15-2008, EA16-2010, EA17-2013, EA18-2014, EA19)","Total","Percentage of total population","Total","5.8",""
"2017","Euro area (EA11-2000, EA12-2006, EA13-2007, EA15-2008, EA16-2010, EA17-2013, EA18-2014, EA19)","Total","Percentage of active population","Total","9.1",""
"2017","Euro area (19 countries)","Total","Thousand persons","Total","14,748",""
"2017","Euro area (19 countries)","Total","Percentage of total population","Total","5.8",""
"2017","Euro area (19 countries)","Total","Percentage of active population","Total","9.1",""
"2017","Euro area (18 countries)","Total","Thousand persons","Total","14,645",""
"2017","Euro area (18 countries)","Total","Percentage of total population","Total","5.8",""
"2017","Euro area (18 countries)","Total","Percentage of active population","Total","9.1",""
"2017","Belgium","Total","Thousand persons","Total","354","b"
"2017","Belgium","Total","Percentage of total population","Total","4.2","b"
"2017","Belgium","Total","Percentage of active population","Total","7.1","b"
"2017","Bulgaria","Total","Thousand persons","Total","207",""
"2017","Bulgaria","Total","Percentage of total population","Total","3.8",""
"2017","Bulgaria","Total","Percentage of active population","Total","6.2",""
"2017","Czechia","Total","Thousand persons","Total","155",""
"2017","Czechia","Total","Percentage of total population","Total","1.9",""
"2017","Czechia","Total","Percentage of active population","Total","2.9",""
"2017","Denmark","Total","Thousand persons","Total","172",""
"2017","Denmark","Total","Percentage of total population","Total","4.0",""
"2017","Denmark","Total","Percentage of active population","Total","5.7",""
"2017","Germany (until 1990 former territory of the FRG)","Total","Thousand persons","Total","1,621",""
"2017","Germany (until 1990 former territory of the FRG)","Total","Percentage of total population","Total","2.6",""
"2017","Germany (until 1990 former territory of the FRG)","Total","Percentage of active population","Total","3.8",""
"2017","Estonia","Total","Thousand persons","Total","40",""
"2017","Estonia","Total","Percentage of total population","Total","4.1",""
"2017","Estonia","Total","Percentage of active population","Total","5.8",""
"2017","Ireland","Total","Thousand persons","Total","158",""
"2017","Ireland","Total","Percentage of total population","Total","4.5",""
"2017","Ireland","Total","Percentage of active population","Total","6.7",""
"2017","Greece","Total","Thousand persons","Total","1,027",""
"2017","Greece","Total","Percentage of total population","Total","12.8",""
"2017","Greece","Total","Percentage of active population","Total","21.5",""
"2017","Spain","Total","Thousand persons","Total","3,917",""
"2017","Spain","Total","Percentage of total population","Total","11.2",""
"2017","Spain","Total","Percentage of active population","Total","17.2",""
"2017","France","Total","Thousand persons","Total","2,788",""
"2017","France","Total","Percentage of total population","Total","5.7",""
"2017","France","Total","Percentage of active population","Total","9.4",""
"2017","Croatia","Total","Thousand persons","Total","202",""
"2017","Croatia","Total","Percentage of total population","Total","6.5",""
"2017","Croatia","Total","Percentage of active population","Total","11.0",""
"2017","Italy","Total","Thousand persons","Total","2,907",""
"2017","Italy","Total","Percentage of total population","Total","6.4",""
"2017","Italy","Total","Percentage of active population","Total","11.2",""
"2017","Cyprus","Total","Thousand persons","Total","47",""
"2017","Cyprus","Total","Percentage of total population","Total","7.4",""
"2017","Cyprus","Total","Percentage of active population","Total","11.1",""
"2017","Latvia","Total","Thousand persons","Total","85",""
"2017","Latvia","Total","Percentage of total population","Total","6.0",""
"2017","Latvia","Total","Percentage of active population","Total","8.7",""
"2017","Lithuania","Total","Thousand persons","Total","103",""
"2017","Lithuania","Total","Percentage of total population","Total","4.8",""
"2017","Lithuania","Total","Percentage of active population","Total","7.1",""
"2017","Luxembourg","Total","Thousand persons","Total","16",""
"2017","Luxembourg","Total","Percentage of total population","Total","3.5",""
"2017","Luxembourg","Total","Percentage of active population","Total","5.6",""
"2017","Hungary","Total","Thousand persons","Total","192",""
"2017","Hungary","Total","Percentage of total population","Total","2.6",""
"2017","Hungary","Total","Percentage of active population","Total","4.2",""
"2017","Malta","Total","Thousand persons","Total","9",""
"2017","Malta","Total","Percentage of total population","Total","2.5",""
"2017","Malta","Total","Percentage of active population","Total","4.0",""
"2017","Netherlands","Total","Thousand persons","Total","438",""
"2017","Netherlands","Total","Percentage of total population","Total","3.4",""
"2017","Netherlands","Total","Percentage of active population","Total","4.9",""
"2017","Austria","Total","Thousand persons","Total","248",""
"2017","Austria","Total","Percentage of total population","Total","3.7",""
"2017","Austria","Total","Percentage of active population","Total","5.5",""
"2017","Poland","Total","Thousand persons","Total","844",""
"2017","Poland","Total","Percentage of total population","Total","3.0",""
"2017","Poland","Total","Percentage of active population","Total","4.9",""
"2017","Portugal","Total","Thousand persons","Total","465",""
"2017","Portugal","Total","Percentage of total population","Total","5.9",""
"2017","Portugal","Total","Percentage of active population","Total","9.0",""
"2017","Romania","Total","Thousand persons","Total","449",""
"2017","Romania","Total","Percentage of total population","Total","3.0",""
"2017","Romania","Total","Percentage of active population","Total","4.9",""
"2017","Slovenia","Total","Thousand persons","Total","67",""
"2017","Slovenia","Total","Percentage of total population","Total","4.3",""
"2017","Slovenia","Total","Percentage of active population","Total","6.6",""
"2017","Slovakia","Total","Thousand persons","Total","224",""
"2017","Slovakia","Total","Percentage of total population","Total","5.2",""
"2017","Slovakia","Total","Percentage of active population","Total","8.1",""
"2017","Finland","Total","Thousand persons","Total","234",""
"2017","Finland","Total","Percentage of total population","Total","5.7",""
"2017","Finland","Total","Percentage of active population","Total","8.6",""
"2017","Sweden","Total","Thousand persons","Total","358",""
"2017","Sweden","Total","Percentage of total population","Total","4.9",""
"2017","Sweden","Total","Percentage of active population","Total","6.7",""
"2017","United Kingdom","Total","Thousand persons","Total","1,448",""
"2017","United Kingdom","Total","Percentage of total population","Total","3.0",""
"2017","United Kingdom","Total","Percentage of active population","Total","4.4",""
"2017","Iceland","Total","Thousand persons","Total","6",""
"2017","Iceland","Total","Percentage of total population","Total","2.3",""
"2017","Iceland","Total","Percentage of active population","Total","2.8",""
"2017","Norway","Total","Thousand persons","Total","116",""
"2017","Norway","Total","Percentage of total population","Total","2.9",""
"2017","Norway","Total","Percentage of active population","Total","4.2",""
"2017","Turkey","Total","Thousand persons","Total","3,451",""
"2017","Turkey","Total","Percentage of total population","Total","6.0",""
"2017","Turkey","Total","Percentage of active population","Total","10.9",""
"2017","United States","Total","Thousand persons","Total","6,982",""
"2017","United States","Total","Percentage of total population","Total",":",""
"2017","United States","Total","Percentage of active population","Total","4.4",""
"2017","Japan","Total","Thousand persons","Total","1,898",""
"2017","Japan","Total","Percentage of total population","Total",":",""
"2017","Japan","Total","Percentage of active population","Total","2.8",""
"2018","European Union - 27 countries (from 2019)","Total","Thousand persons","Total","15,543",""
"2018","European Union - 27 countries (from 2019)","Total","Percentage of total population","Total",":",""
"2018","European Union - 27 countries (from 2019)","Total","Percentage of active population","Total","7.3",""
"2018","European Union - 28 countries","Total","Thousand persons","Total","17,192",""
"2018","European Union - 28 countries","Total","Percentage of total population","Total",":",""
"2018","European Union - 28 countries","Total","Percentage of active population","Total","7.0",""
"2018","European Union - 27 countries (2007-2013)","Total","Thousand persons","Total","17,038",""
"2018","European Union - 27 countries (2007-2013)","Total","Percentage of total population","Total",":",""
"2018","European Union - 27 countries (2007-2013)","Total","Percentage of active population","Total","6.9",""
"2018","European Union - 25 countries (2004-2006)","Total","Thousand persons","Total","16,485",""
"2018","European Union - 25 countries (2004-2006)","Total","Percentage of total population","Total",":",""
"2018","European Union - 25 countries (2004-2006)","Total","Percentage of active population","Total","7.1",""
"2018","Euro area (EA11-2000, EA12-2006, EA13-2007, EA15-2008, EA16-2010, EA17-2013, EA18-2014, EA19)","Total","Thousand persons","Total","13,400",""
"2018","Euro area (EA11-2000, EA12-2006, EA13-2007, EA15-2008, EA16-2010, EA17-2013, EA18-2014, EA19)","Total","Percentage of total population","Total",":",""
"2018","Euro area (EA11-2000, EA12-2006, EA13-2007, EA15-2008, EA16-2010, EA17-2013, EA18-2014, EA19)","Total","Percentage of active population","Total","8.2",""
"2018","Euro area (19 countries)","Total","Thousand persons","Total","13,400",""
"2018","Euro area (19 countries)","Total","Percentage of total population","Total",":",""
"2018","Euro area (19 countries)","Total","Percentage of active population","Total","8.2",""
"2018","Euro area (18 countries)","Total","Thousand persons","Total","13,309",""
"2018","Euro area (18 countries)","Total","Percentage of total population","Total",":",""
"2018","Euro area (18 countries)","Total","Percentage of active population","Total","8.2",""
"2018","Belgium","Total","Thousand persons","Total","298",""
"2018","Belgium","Total","Percentage of total population","Total",":",""
"2018","Belgium","Total","Percentage of active population","Total","5.9",""
"2018","Bulgaria","Total","Thousand persons","Total","173",""
"2018","Bulgaria","Total","Percentage of total population","Total","3.2",""
"2018","Bulgaria","Total","Percentage of active population","Total","5.2",""
"2018","Czechia","Total","Thousand persons","Total","121",""
"2018","Czechia","Total","Percentage of total population","Total",":",""
"2018","Czechia","Total","Percentage of active population","Total","2.2",""
"2018","Denmark","Total","Thousand persons","Total",":",""
"2018","Denmark","Total","Percentage of total population","Total","3.4",""
"2018","Denmark","Total","Percentage of active population","Total",":",""
"2018","Germany (until 1990 former territory of the FRG)","Total","Thousand persons","Total","1,471",""
"2018","Germany (until 1990 former territory of the FRG)","Total","Percentage of total population","Total",":",""
"2018","Germany (until 1990 former territory of the FRG)","Total","Percentage of active population","Total","3.4",""
"2018","Estonia","Total","Thousand persons","Total",":",""
"2018","Estonia","Total","Percentage of total population","Total",":",""
"2018","Estonia","Total","Percentage of active population","Total",":",""
"2018","Ireland","Total","Thousand persons","Total","136",""
"2018","Ireland","Total","Percentage of total population","Total",":",""
"2018","Ireland","Total","Percentage of active population","Total","5.7",""
"2018","Greece","Total","Thousand persons","Total",":",""
"2018","Greece","Total","Percentage of total population","Total",":",""
"2018","Greece","Total","Percentage of active population","Total",":",""
"2018","Spain","Total","Thousand persons","Total","3,479",""
"2018","Spain","Total","Percentage of total population","Total","9.9",""
"2018","Spain","Total","Percentage of active population","Total","15.3",""
"2018","France","Total","Thousand persons","Total","2,700",""
"2018","France","Total","Percentage of total population","Total","5.5",""
"2018","France","Total","Percentage of active population","Total","9.1",""
"2018","Croatia","Total","Thousand persons","Total","154",""
"2018","Croatia","Total","Percentage of total population","Total",":",""
"2018","Croatia","Total","Percentage of active population","Total","8.5",""
"2018","Italy","Total","Thousand persons","Total",":",""
"2018","Italy","Total","Percentage of total population","Total",":",""
"2018","Italy","Total","Percentage of active population","Total",":",""
"2018","Cyprus","Total","Thousand persons","Total","37",""
"2018","Cyprus","Total","Percentage of total population","Total","5.7",""
"2018","Cyprus","Total","Percentage of active population","Total","8.4",""
"2018","Latvia","Total","Thousand persons","Total","73",""
"2018","Latvia","Total","Percentage of total population","Total",":",""
"2018","Latvia","Total","Percentage of active population","Total","7.4",""
"2018","Lithuania","Total","Thousand persons","Total","91",""
"2018","Lithuania","Total","Percentage of total population","Total",":",""
"2018","Lithuania","Total","Percentage of active population","Total","6.3",""
"2018","Luxembourg","Total","Thousand persons","Total","16",""
"2018","Luxembourg","Total","Percentage of total population","Total",":",""
"2018","Luxembourg","Total","Percentage of active population","Total","5.3",""
"2018","Hungary","Total","Thousand persons","Total","172",""
"2018","Hungary","Total","Percentage of total population","Total",":",""
"2018","Hungary","Total","Percentage of active population","Total","3.7",""
"2018","Malta","Total","Thousand persons","Total","9",""
"2018","Malta","Total","Percentage of total population","Total",":",""
"2018","Malta","Total","Percentage of active population","Total","3.8",""
"2018","Netherlands","Total","Thousand persons","Total","350",""
"2018","Netherlands","Total","Percentage of total population","Total",":",""
"2018","Netherlands","Total","Percentage of active population","Total","3.8",""
"2018","Austria","Total","Thousand persons","Total","220",""
"2018","Austria","Total","Percentage of total population","Total","3.3",""
"2018","Austria","Total","Percentage of active population","Total","4.9",""
"2018","Poland","Total","Thousand persons","Total","659",""
"2018","Poland","Total","Percentage of total population","Total","2.6",""
"2018","Poland","Total","Percentage of active population","Total","3.9",""
"2018","Portugal","Total","Thousand persons","Total","363",""
"2018","Portugal","Total","Percentage of total population","Total","4.7",""
"2018","Portugal","Total","Percentage of active population","Total","7.0",""
"2018","Romania","Total","Thousand persons","Total","380",""
"2018","Romania","Total","Percentage of total population","Total",":",""
"2018","Romania","Total","Percentage of active population","Total","4.2",""
"2018","Slovenia","Total","Thousand persons","Total","55",""
"2018","Slovenia","Total","Percentage of total population","Total",":",""
"2018","Slovenia","Total","Percentage of active population","Total","5.4",""
"2018","Slovakia","Total","Thousand persons","Total","181",""
"2018","Slovakia","Total","Percentage of total population","Total",":",""
"2018","Slovakia","Total","Percentage of active population","Total","6.6",""
"2018","Finland","Total","Thousand persons","Total","202",""
"2018","Finland","Total","Percentage of total population","Total",":",""
"2018","Finland","Total","Percentage of active population","Total","7.4",""
"2018","Sweden","Total","Thousand persons","Total","344",""
"2018","Sweden","Total","Percentage of total population","Total","4.6",""
"2018","Sweden","Total","Percentage of active population","Total","6.3",""
"2018","United Kingdom","Total","Thousand persons","Total",":",""
"2018","United Kingdom","Total","Percentage of total population","Total",":",""
"2018","United Kingdom","Total","Percentage of active population","Total",":",""
"2018","Iceland","Total","Thousand persons","Total","6",""
"2018","Iceland","Total","Percentage of total population","Total",":",""
"2018","Iceland","Total","Percentage of active population","Total","2.7",""
"2018","Norway","Total","Thousand persons","Total","109",""
"2018","Norway","Total","Percentage of total population","Total","2.7",""
"2018","Norway","Total","Percentage of active population","Total","3.9",""
"2018","Turkey","Total","Thousand persons","Total",":",""
"2018","Turkey","Total","Percentage of total population","Total",":",""
"2018","Turkey","Total","Percentage of active population","Total",":",""
"2018","United States","Total","Thousand persons","Total","6,314",""
"2018","United States","Total","Percentage of total population","Total",":",""
"2018","United States","Total","Percentage of active population","Total","3.9",""
"2018","Japan","Total","Thousand persons","Total","1,665",""
"2018","Japan","Total","Percentage of total population","Total",":",""
"2018","Japan","Total","Percentage of active population","Total","2.4",""
